-- phpMyAdmin SQL Dump
-- version 4.9.1
-- https://www.phpmyadmin.net/
--
-- Хост: 127.0.0.1
-- Время создания: Ноя 27 2019 г., 19:32
-- Версия сервера: 10.2.27-MariaDB
-- Версия PHP: 7.2.23

SET SQL_MODE = "NO_AUTO_VALUE_ON_ZERO";
SET AUTOCOMMIT = 0;
START TRANSACTION;
SET time_zone = "+00:00";


/*!40101 SET @OLD_CHARACTER_SET_CLIENT=@@CHARACTER_SET_CLIENT */;
/*!40101 SET @OLD_CHARACTER_SET_RESULTS=@@CHARACTER_SET_RESULTS */;
/*!40101 SET @OLD_COLLATION_CONNECTION=@@COLLATION_CONNECTION */;
/*!40101 SET NAMES utf8mb4 */;

--
-- База данных: `u846988995_balsticsea`
--

-- --------------------------------------------------------

--
-- Структура таблицы `achivment`
--

CREATE TABLE `achivment` (
  `id` int(10) UNSIGNED NOT NULL,
  `id_people` int(255) UNSIGNED NOT NULL,
  `description` text CHARACTER SET utf8 NOT NULL,
  `photo` varchar(255) CHARACTER SET utf8 DEFAULT NULL
) ENGINE=InnoDB DEFAULT CHARSET=latin1;

--
-- Дамп данных таблицы `achivment`
--

INSERT INTO `achivment` (`id`, `id_people`, `description`, `photo`) VALUES
(7, 5, 'КМС по легкой атлетике', NULL),
(8, 5, 'Значек ГТО', NULL),
(9, 6, 'МС по плаванию', NULL),
(10, 6, '1 взрослый по легкой атлетике', NULL),
(11, 76, 'КМС по тяжелой атлетике', NULL),
(12, 77, 'МС по рукопашному бою', NULL),
(13, 77, 'МС по лыжам', NULL),
(15, 76, 'Значек ГТО', NULL);

-- --------------------------------------------------------

--
-- Структура таблицы `club`
--

CREATE TABLE `club` (
  `id` int(10) UNSIGNED NOT NULL,
  `name` varchar(255) CHARACTER SET utf8 DEFAULT NULL,
  `description` text CHARACTER SET utf8 DEFAULT NULL,
  `rating` double(255,1) DEFAULT NULL,
  `address` text CHARACTER SET utf8 DEFAULT NULL,
  `x` text CHARACTER SET utf8 DEFAULT NULL,
  `y` text CHARACTER SET utf8 DEFAULT NULL
) ENGINE=InnoDB DEFAULT CHARSET=latin1;

--
-- Дамп данных таблицы `club`
--

INSERT INTO `club` (`id`, `name`, `description`, `rating`, `address`, `x`, `y`) VALUES
(1, 'Буревестник', 'Описание клуба Буревестник', 2.5, 'ул. Долгоозерная,  д. 16', '60.018701', '30.251041'),
(2, 'Восход', 'Описание клуба Буревестник', 4.3, 'пр. Испытателей,  д. 31', '60.007451', '30.270729'),
(3, 'Галактика', 'Описание клуба Галактика', 3.8, 'Ланское шоссе,  д. 24, корп. 5', '59.998260', '30.319920'),
(4, 'Заозерье', 'Описание клуба Заозерье', 4.1, 'Комендантский пр., 39', '60.025142', '30.240185'),
(5, 'Школа автомотоспорта Лахта-спорт', 'Описание клуба Школа автомотоспорта Лахта-спорт', 4.8, 'Пос. Лахта Вокзальный пер., д. 2  ', '59.991839', '30.158336');

-- --------------------------------------------------------

--
-- Структура таблицы `comments`
--

CREATE TABLE `comments` (
  `id` int(10) UNSIGNED NOT NULL,
  `id_people` int(11) NOT NULL,
  `comment` text CHARACTER SET utf8 NOT NULL,
  `date` datetime NOT NULL
) ENGINE=InnoDB DEFAULT CHARSET=latin1;

-- --------------------------------------------------------

--
-- Структура таблицы `people`
--

CREATE TABLE `people` (
  `id` int(10) UNSIGNED NOT NULL,
  `sername` varchar(255) CHARACTER SET utf8 NOT NULL,
  `name` varchar(255) CHARACTER SET utf8 NOT NULL,
  `otch` varchar(255) CHARACTER SET utf8 DEFAULT NULL,
  `id_vk` int(15) NOT NULL,
  `information` text CHARACTER SET utf8 NOT NULL,
  `year` varchar(255) DEFAULT NULL,
  `mouth` varchar(255) DEFAULT NULL,
  `day` varchar(255) DEFAULT NULL,
  `admin_flag` int(5) DEFAULT NULL
) ENGINE=InnoDB DEFAULT CHARSET=latin1;

--
-- Дамп данных таблицы `people`
--

INSERT INTO `people` (`id`, `sername`, `name`, `otch`, `id_vk`, `information`, `year`, `mouth`, `day`, `admin_flag`) VALUES
(5, 'Дмитриев', 'Лёня', '', 133936878, '12231                                                                                                                                                       ', '1996', '12', '30', 0),
(6, 'Сычёв', 'Денис', '', 84156080, '            12222                     ', '1998', '4', '4', 1),
(76, 'Поперечный', 'Иван', '', 331622439, '                Игорьfdfds', '1991', '3', '22', 0),
(77, 'Суслов', 'Игорь', '', 156250769, '                                      yuttyjtyjt', '1943', '2', '2', 0),
(78, 'Иванов', 'Иван', '', 1, '', '1996', '11', '22', 0),
(79, 'Иванов1', 'Иван1', '', 2, '', '1996', '9', '8', 0),
(80, 'Иванов2', 'Иван2', '', 2, '', '2000', '2', '27', 0),
(81, 'Иванов3', 'Иван3', '', 3, '', '1992', '11', '13', 0),
(82, 'Иванов4', 'Иван4', '', 3, '', '2000', '3', '8', 0),
(83, 'Иванов5', 'Иван5', '', 4, '', '1992', '5', '24', 0),
(84, 'Иванов6', 'Иван6', '', 4, '', '1990', '7', '20', 0),
(85, 'Иванов7', 'Иван7', '', 5, '', '1992', '2', '25', 0),
(86, 'Иванов8', 'Иван8', '', 5, '', '2000', '7', '13', 0),
(87, 'Иванов9', 'Иван9', '', 6, '', '1999', '6', '11', 0),
(88, 'Иванов10', 'Иван10', '', 6, '', '1994', '1', '25', 0),
(89, 'Иванов11', 'Иван11', '', 7, '', '1999', '10', '5', 0),
(90, 'Иванов12', 'Иван12', '', 8, '', '1997', '4', '15', 0),
(91, 'Яковлев', 'Ваня', NULL, 30313302, '                      ', '', '', '', NULL),
(92, 'Саймонов', 'Андрей', NULL, 315563088, '                hkjhkjj', '', '', '', NULL);

-- --------------------------------------------------------

--
-- Структура таблицы `section`
--

CREATE TABLE `section` (
  `id` int(10) UNSIGNED NOT NULL,
  `name` varchar(255) CHARACTER SET utf8mb4 DEFAULT NULL,
  `description` text CHARACTER SET utf8 DEFAULT NULL,
  `rating` double(255,1) DEFAULT NULL,
  `id_club` int(255) UNSIGNED DEFAULT NULL
) ENGINE=InnoDB DEFAULT CHARSET=latin1;

--
-- Дамп данных таблицы `section`
--

INSERT INTO `section` (`id`, `name`, `description`, `rating`, `id_club`) VALUES
(1, 'Игротека', 'Описание игротеки', 1.0, 1),
(2, 'Настольные игры', 'Описание настольные игры', 2.0, 1),
(3, 'Собеседование', 'Описание собеседования', 3.0, 1),
(4, 'Общение по интересам', 'Описание Общение по интересам', 4.0, 1),
(5, 'Игротека', 'Описание игротеки', 4.0, 2),
(6, 'Настольные игры', 'Описание настольных игр', 4.0, 2),
(7, 'Собеседование', 'Описание собеседования', 1.0, 2),
(8, 'Просмотр телевизионных программ', 'Описание телевизионных программ', 4.0, 2),
(9, 'Настольные игры', 'Описание настольных игр', 5.0, 3),
(10, 'Настольный теннис', 'Описание настольного тенниса', 5.0, 3),
(11, 'Собеседование', 'Описание собеседования', 3.0, 3),
(12, 'Игротека', 'Описание игротеки', 4.0, 4),
(13, 'Настольные игры', 'Описание настольных игр', 5.0, 4),
(14, 'Собеседование', 'Описание собеседования', 2.0, 4),
(15, 'Просмотр телевизионных программ', 'Описание телевизионных программ', 1.0, 4),
(16, 'Картинг', 'Описание картинга', 5.0, 5);

-- --------------------------------------------------------

--
-- Структура таблицы `teacher`
--

CREATE TABLE `teacher` (
  `id` int(10) UNSIGNED NOT NULL,
  `sername` varchar(255) CHARACTER SET utf8 DEFAULT NULL,
  `name` varchar(255) CHARACTER SET utf8 DEFAULT NULL,
  `otch` varchar(255) CHARACTER SET utf8 DEFAULT NULL,
  `rating` double(255,1) DEFAULT NULL,
  `id_section` int(255) UNSIGNED NOT NULL
) ENGINE=InnoDB DEFAULT CHARSET=latin1;

--
-- Дамп данных таблицы `teacher`
--

INSERT INTO `teacher` (`id`, `sername`, `name`, `otch`, `rating`, `id_section`) VALUES
(1, 'Бакиев', 'Алмаз', 'Исмаилжанович', 5.0, 1),
(2, 'Варанкин', 'Иван', 'Евгеньевич', 4.0, 2),
(3, 'Дубовиков', 'Артем', 'Сергеевич', 3.0, 3),
(4, 'Ерасов', 'Иван', 'Вячеславович', 2.0, 4),
(5, 'Коваль', 'Кирилл', 'Сергеевич', 1.0, 5),
(6, 'Попов', 'Виктор', 'Олегович', 4.0, 6),
(7, 'Летков', 'Сергей', 'Владимирович', 5.0, 7),
(8, 'Губкин', 'Дмитрий', 'Юрьевич', 3.0, 8),
(9, 'Матюшин', 'Даниил', 'Юрьевич', 2.0, 9),
(10, 'Жаров', 'Дмитрий', 'Дмитриевич', 1.0, 10),
(11, 'Поспелов', 'Александр', 'Александрович', 4.0, 11),
(12, 'Калашников', 'Андрей', 'Александрович', 2.0, 12),
(13, 'Дудкин', 'Андрей', 'Сергеевич', 5.0, 13),
(14, 'Емельянов', 'Иван', 'Владимирович', 5.0, 14),
(15, 'Иванов', 'Иван', 'Иванович', 3.0, 15),
(16, 'Шишлянников', 'Матвей', 'Михайлович', 1.0, 15),
(17, 'Саблинский', 'Алексей', 'Александрович', 3.0, 16),
(18, 'Самошин', 'Павел', 'Андреевич', 2.0, 7),
(19, 'Орлов', 'Артур', 'Иванович', 3.0, 13);

-- --------------------------------------------------------

--
-- Структура таблицы `visit`
--

CREATE TABLE `visit` (
  `id` int(10) UNSIGNED NOT NULL,
  `id_people` int(255) UNSIGNED NOT NULL,
  `id_section` int(255) UNSIGNED NOT NULL,
  `data` datetime NOT NULL DEFAULT current_timestamp()
) ENGINE=InnoDB DEFAULT CHARSET=latin1;

--
-- Дамп данных таблицы `visit`
--

INSERT INTO `visit` (`id`, `id_people`, `id_section`, `data`) VALUES
(6, 6, 1, '2019-11-09 23:39:04'),
(7, 6, 9, '2019-11-09 23:40:12'),
(8, 5, 1, '2019-11-09 23:51:54'),
(9, 5, 1, '2019-11-09 23:57:15'),
(10, 5, 1, '2019-11-09 23:58:26'),
(11, 6, 3, '2019-11-09 23:59:06'),
(12, 5, 1, '2019-11-10 00:09:32'),
(13, 6, 3, '2019-11-10 00:21:01'),
(14, 6, 3, '2019-11-10 00:22:12'),
(15, 5, 15, '2019-11-10 04:25:22'),
(16, 90, 10, '2017-06-24 09:52:11'),
(17, 88, 13, '2019-05-05 15:53:51'),
(18, 81, 8, '2016-12-26 06:44:04'),
(19, 83, 7, '2018-10-27 12:36:06'),
(20, 90, 4, '2015-07-01 13:08:17'),
(21, 90, 1, '2016-07-17 12:55:41'),
(22, 85, 5, '2017-09-15 11:35:16'),
(23, 80, 3, '2019-11-06 06:35:45'),
(24, 79, 7, '2017-12-13 10:23:17'),
(25, 86, 1, '2018-03-07 12:26:41'),
(26, 78, 1, '2018-05-02 16:30:33'),
(27, 77, 15, '2015-06-07 09:49:27'),
(28, 76, 12, '2019-09-27 06:26:03'),
(29, 84, 9, '2015-03-14 11:51:23'),
(30, 90, 15, '2017-01-22 08:25:39'),
(31, 83, 6, '2017-10-07 18:14:14'),
(32, 84, 13, '2019-05-08 18:04:57'),
(33, 77, 4, '2015-03-07 10:28:55'),
(34, 78, 15, '2016-07-16 10:21:58'),
(35, 85, 4, '2016-02-16 15:18:33'),
(36, 89, 14, '2015-02-23 11:25:30'),
(37, 90, 11, '2017-07-15 19:10:38'),
(38, 90, 2, '2018-10-23 13:05:56'),
(39, 77, 6, '2018-04-08 07:48:14'),
(40, 82, 5, '2018-02-18 19:13:32'),
(41, 85, 7, '2015-08-12 12:47:47'),
(42, 87, 4, '2018-12-10 20:51:17'),
(43, 89, 14, '2019-05-09 08:30:50'),
(44, 89, 13, '2018-12-23 19:32:57'),
(45, 81, 1, '2018-02-17 13:02:43'),
(46, 89, 2, '2015-03-18 10:43:17'),
(47, 85, 10, '2015-11-05 16:24:15'),
(48, 84, 3, '2017-09-11 16:56:34'),
(49, 80, 6, '2017-06-21 11:26:26'),
(50, 79, 10, '2015-09-04 17:11:32'),
(51, 78, 3, '2018-09-28 10:15:22'),
(52, 79, 14, '2018-01-18 12:27:12'),
(53, 86, 11, '2016-07-17 15:59:38'),
(54, 90, 8, '2015-11-15 20:31:20'),
(55, 90, 1, '2019-09-17 18:02:21'),
(56, 88, 9, '2017-07-27 17:14:15'),
(57, 82, 8, '2016-03-26 20:59:33'),
(58, 87, 5, '2016-10-07 10:26:57'),
(59, 81, 11, '2016-03-01 13:31:49'),
(60, 84, 9, '2018-03-08 10:35:46'),
(61, 88, 5, '2016-04-22 14:45:09'),
(62, 76, 8, '2016-10-03 06:30:44'),
(63, 76, 15, '2016-05-06 13:56:29'),
(64, 79, 4, '2017-04-11 20:10:18'),
(65, 86, 14, '2016-05-05 16:54:32'),
(66, 77, 10, '2018-05-24 17:49:16'),
(67, 79, 2, '2017-02-06 17:11:26'),
(68, 76, 13, '2015-11-12 16:05:34'),
(69, 81, 15, '2018-05-19 13:55:35'),
(70, 78, 1, '2015-10-12 20:34:02'),
(71, 86, 15, '2019-08-20 18:47:20'),
(72, 81, 1, '2018-03-22 06:42:47'),
(73, 77, 3, '2016-12-01 10:30:17'),
(74, 85, 11, '2016-07-12 15:11:21'),
(75, 88, 14, '2015-08-19 06:21:18'),
(76, 84, 1, '2018-04-18 17:08:42'),
(77, 90, 6, '2017-11-22 14:11:01'),
(78, 79, 15, '2016-04-02 07:17:49'),
(79, 77, 14, '2017-10-23 07:22:07'),
(80, 77, 6, '2017-07-16 19:35:48'),
(81, 85, 9, '2016-02-21 08:44:59'),
(82, 78, 9, '2016-07-10 20:31:12'),
(83, 85, 16, '2019-03-14 20:51:04'),
(84, 82, 15, '2015-09-08 10:16:35'),
(85, 88, 8, '2016-12-15 19:56:43'),
(86, 83, 2, '2017-09-23 18:34:01'),
(87, 78, 4, '2015-06-19 10:49:59'),
(88, 76, 2, '2019-04-19 11:59:36'),
(89, 90, 9, '2015-02-25 18:02:18'),
(90, 77, 10, '2018-05-09 20:11:53'),
(91, 89, 1, '2019-09-18 17:49:58'),
(92, 83, 7, '2019-03-07 17:04:36'),
(93, 79, 3, '2018-05-11 18:53:07'),
(94, 88, 15, '2019-09-03 20:02:21'),
(95, 80, 11, '2018-05-14 15:14:39'),
(96, 85, 1, '2017-08-17 11:19:20'),
(97, 79, 4, '2016-09-09 12:59:49'),
(98, 90, 8, '2017-06-16 12:37:34'),
(99, 86, 13, '2016-07-18 11:10:47'),
(100, 79, 9, '2017-06-01 19:36:29'),
(101, 84, 5, '2016-11-20 13:45:37'),
(102, 82, 5, '2016-06-10 10:45:55'),
(103, 85, 5, '2019-08-05 20:23:53'),
(104, 76, 2, '2017-11-07 12:38:38'),
(105, 81, 2, '2019-04-22 19:09:52'),
(106, 80, 1, '2017-01-13 08:51:25'),
(107, 83, 15, '2019-06-11 14:24:29'),
(108, 85, 3, '2016-05-21 19:32:15'),
(109, 82, 14, '2019-06-27 17:44:59'),
(110, 89, 6, '2016-05-28 20:46:12'),
(111, 86, 16, '2016-10-26 12:55:07'),
(112, 86, 10, '2016-07-27 17:33:50'),
(113, 84, 8, '2016-06-26 06:12:10'),
(114, 78, 2, '2019-10-27 12:31:42'),
(115, 79, 12, '2016-02-19 09:21:46'),
(116, 76, 12, '2018-05-07 18:07:25'),
(117, 79, 13, '2016-07-09 12:56:36'),
(118, 89, 5, '2015-09-21 15:50:30'),
(119, 87, 2, '2017-08-22 14:56:16'),
(120, 83, 13, '2016-11-19 16:16:45'),
(121, 88, 12, '2018-11-18 09:43:58'),
(122, 76, 9, '2015-10-04 11:08:22'),
(123, 76, 10, '2016-10-10 10:42:50'),
(124, 77, 14, '2019-06-19 13:12:17'),
(125, 86, 7, '2017-12-17 11:49:12'),
(126, 86, 10, '2015-07-20 18:57:48'),
(127, 87, 4, '2016-12-20 15:39:09'),
(128, 83, 1, '2019-03-15 10:01:59'),
(129, 78, 1, '2019-07-17 10:52:24'),
(130, 88, 6, '2018-08-21 18:09:10'),
(131, 86, 3, '2015-09-06 07:06:16'),
(132, 76, 2, '2016-10-23 16:55:23'),
(133, 77, 9, '2015-12-07 08:08:42'),
(134, 82, 5, '2018-03-06 10:04:34'),
(135, 81, 16, '2018-06-08 11:11:46'),
(136, 81, 1, '2015-06-09 18:16:12'),
(137, 79, 12, '2019-10-16 14:12:52'),
(138, 79, 7, '2018-11-20 18:25:20'),
(139, 82, 6, '2015-02-10 19:02:53'),
(140, 84, 4, '2018-04-15 08:37:03'),
(141, 81, 7, '2015-07-04 20:21:38'),
(142, 82, 1, '2019-03-09 15:30:43'),
(143, 85, 12, '2015-11-18 17:54:03'),
(144, 83, 5, '2019-04-20 07:14:47'),
(145, 84, 8, '2015-07-23 07:04:04'),
(146, 87, 8, '2015-11-25 12:31:28'),
(147, 87, 5, '2015-07-19 09:49:54'),
(148, 80, 16, '2017-05-07 13:45:29'),
(149, 87, 6, '2016-03-09 10:38:18'),
(150, 90, 5, '2017-08-22 08:32:55'),
(151, 82, 13, '2018-02-17 09:03:31'),
(152, 81, 11, '2017-10-03 13:15:45'),
(153, 77, 15, '2016-03-10 07:11:53'),
(154, 88, 2, '2018-05-25 09:20:23'),
(155, 89, 8, '2018-11-08 17:25:22'),
(156, 79, 5, '2017-12-21 12:27:17'),
(157, 83, 6, '2015-09-26 18:22:22'),
(158, 79, 3, '2016-08-08 06:26:01'),
(159, 87, 7, '2016-08-10 17:44:34'),
(160, 76, 1, '2017-06-19 08:53:37'),
(161, 89, 12, '2016-09-22 16:29:05'),
(162, 86, 14, '2015-05-22 20:17:03'),
(163, 89, 7, '2018-10-12 12:08:53'),
(164, 78, 1, '2016-04-13 09:54:11'),
(165, 82, 3, '2016-08-02 07:18:58'),
(166, 84, 13, '2017-02-25 06:29:24'),
(167, 85, 16, '2016-01-12 10:48:33'),
(168, 83, 13, '2019-12-07 19:45:03'),
(169, 83, 12, '2019-05-25 16:31:12'),
(170, 86, 6, '2017-03-05 17:30:44'),
(171, 82, 3, '2019-02-23 07:23:26'),
(172, 86, 12, '2016-07-05 17:14:43'),
(173, 78, 11, '2015-05-05 07:39:46'),
(174, 83, 8, '2015-10-04 09:59:42'),
(175, 80, 10, '2015-05-03 09:52:28'),
(176, 83, 7, '2017-04-13 13:26:03'),
(177, 86, 11, '2019-12-05 18:52:34'),
(178, 88, 14, '2019-03-05 18:13:07'),
(179, 89, 6, '2016-12-05 10:17:31'),
(180, 86, 12, '2019-12-26 16:19:59'),
(181, 84, 4, '2019-08-27 06:21:30'),
(182, 79, 2, '2015-10-18 12:38:19'),
(183, 84, 4, '2019-11-19 08:08:02'),
(184, 78, 14, '2015-08-09 19:41:22'),
(185, 88, 15, '2019-02-17 11:14:58'),
(186, 87, 15, '2016-10-25 14:35:06'),
(187, 80, 10, '2017-12-25 07:29:46'),
(188, 84, 10, '2019-08-14 12:15:41'),
(189, 90, 12, '2016-10-06 18:41:43'),
(190, 82, 13, '2015-05-14 08:06:16'),
(191, 88, 12, '2017-01-07 16:16:20'),
(192, 76, 11, '2018-02-23 08:48:15'),
(193, 90, 4, '2015-11-17 20:03:14'),
(194, 90, 14, '2019-01-01 09:23:49'),
(195, 83, 16, '2016-09-15 16:34:22'),
(196, 81, 15, '2015-10-15 06:59:38'),
(197, 89, 7, '2015-10-03 10:18:44'),
(198, 81, 4, '2019-02-17 20:50:29'),
(199, 77, 10, '2018-02-07 14:25:24'),
(200, 76, 1, '2016-09-02 07:43:57'),
(201, 83, 10, '2017-03-10 09:32:01'),
(202, 83, 8, '2015-06-16 10:09:20'),
(203, 89, 8, '2019-02-20 15:20:09'),
(204, 81, 10, '2017-02-24 13:02:07'),
(205, 79, 12, '2017-06-16 11:02:27'),
(206, 89, 5, '2018-05-11 06:19:58'),
(207, 90, 2, '2017-08-15 11:42:43'),
(208, 82, 10, '2019-02-27 16:42:41'),
(209, 81, 15, '2019-04-21 10:01:51'),
(210, 78, 16, '2015-12-15 12:45:56'),
(211, 78, 2, '2017-09-21 07:39:46'),
(212, 80, 7, '2017-02-23 13:30:46'),
(213, 76, 15, '2015-12-08 18:35:45'),
(214, 87, 15, '2015-01-05 07:19:54'),
(215, 85, 5, '2016-04-07 18:04:40'),
(216, 83, 1, '2017-08-27 11:45:20'),
(217, 87, 15, '2019-09-08 10:14:12'),
(218, 79, 2, '2016-03-27 07:37:48'),
(219, 87, 13, '2017-01-22 11:14:42'),
(220, 76, 12, '2016-09-12 06:12:12'),
(221, 82, 8, '2015-08-22 09:52:23'),
(222, 76, 7, '2015-09-06 11:49:48'),
(223, 85, 2, '2015-05-16 11:36:08'),
(224, 90, 15, '2015-01-13 12:37:25'),
(225, 77, 3, '2018-11-04 07:41:04'),
(226, 85, 3, '2019-08-06 12:08:02'),
(227, 82, 12, '2016-07-16 16:55:34'),
(228, 90, 10, '2019-04-16 07:25:07'),
(229, 85, 3, '2016-02-07 20:48:17'),
(230, 86, 16, '2017-04-04 10:15:36'),
(231, 83, 4, '2015-12-12 20:29:11'),
(232, 81, 12, '2016-08-25 19:07:49'),
(233, 77, 13, '2017-11-10 10:26:56'),
(234, 84, 11, '2019-08-28 18:05:24'),
(235, 79, 3, '2015-10-10 08:41:46'),
(236, 81, 16, '2015-01-16 14:55:53'),
(237, 76, 8, '2015-02-14 17:31:55'),
(238, 83, 10, '2017-06-12 13:02:08'),
(239, 79, 1, '2016-08-08 18:09:44'),
(240, 88, 15, '2015-06-20 17:43:39'),
(241, 80, 13, '2017-12-09 11:45:14'),
(242, 90, 10, '2015-05-25 16:03:31'),
(243, 87, 12, '2016-03-21 19:02:27'),
(244, 76, 9, '2018-11-17 15:23:58'),
(245, 80, 4, '2019-03-11 14:02:47'),
(246, 81, 10, '2016-07-14 07:55:41'),
(247, 82, 2, '2018-08-23 15:04:44'),
(248, 84, 14, '2016-10-27 08:46:49'),
(249, 79, 15, '2018-12-16 18:13:26'),
(250, 85, 13, '2016-04-09 19:45:42'),
(251, 86, 11, '2017-08-17 09:03:35'),
(252, 78, 9, '2018-10-01 11:10:44'),
(253, 82, 1, '2016-07-27 13:01:10'),
(254, 80, 9, '2019-04-19 12:19:47'),
(255, 83, 1, '2015-03-27 19:06:40'),
(256, 90, 5, '2017-08-22 12:13:21'),
(257, 84, 11, '2019-12-20 17:53:50'),
(258, 89, 2, '2016-12-21 17:21:08'),
(259, 83, 14, '2016-05-13 08:02:20'),
(260, 76, 14, '2015-12-13 10:26:14'),
(261, 90, 8, '2019-02-23 11:21:35'),
(262, 90, 7, '2018-05-09 15:14:33'),
(263, 83, 16, '2018-07-08 06:01:04'),
(264, 88, 16, '2015-11-12 07:18:37'),
(265, 80, 5, '2016-07-27 11:38:26'),
(266, 76, 2, '2016-10-11 07:56:29'),
(267, 86, 1, '2015-03-21 08:24:34'),
(268, 86, 1, '2019-08-02 08:04:27'),
(269, 85, 6, '2016-06-20 08:59:28'),
(270, 77, 5, '2015-09-20 10:18:04'),
(271, 80, 4, '2016-09-14 19:42:51'),
(272, 80, 3, '2016-12-25 18:41:04'),
(273, 76, 14, '2017-05-01 20:06:20'),
(274, 90, 8, '2018-04-24 08:22:55'),
(275, 90, 4, '2015-03-04 17:38:08'),
(276, 88, 14, '2019-07-02 07:59:37'),
(277, 83, 11, '2018-02-15 14:10:33'),
(278, 81, 9, '2019-12-08 14:12:31'),
(279, 85, 15, '2016-11-11 08:46:41'),
(280, 88, 11, '2016-10-04 18:57:33'),
(281, 89, 4, '2015-11-12 11:28:36'),
(282, 81, 2, '2019-07-09 07:29:10'),
(283, 86, 5, '2016-06-27 16:14:48'),
(284, 84, 9, '2015-11-26 16:24:15'),
(285, 79, 1, '2017-06-25 15:30:25'),
(286, 79, 5, '2015-09-16 08:34:12'),
(287, 83, 5, '2015-03-07 16:34:47'),
(288, 76, 13, '2015-12-12 15:34:55'),
(289, 84, 12, '2017-11-14 18:22:07'),
(290, 84, 15, '2018-01-18 12:36:41'),
(291, 79, 13, '2017-08-06 14:14:49'),
(292, 82, 6, '2015-09-14 10:58:36'),
(293, 77, 12, '2016-06-08 19:31:24'),
(294, 78, 14, '2016-05-16 16:45:55'),
(295, 79, 15, '2016-11-08 18:13:11'),
(296, 82, 2, '2018-03-23 16:45:03'),
(297, 80, 8, '2015-02-21 14:42:03'),
(298, 85, 9, '2019-01-22 07:31:58'),
(299, 78, 7, '2016-08-15 20:59:49'),
(300, 81, 15, '2017-04-04 09:12:27'),
(301, 80, 12, '2017-09-23 06:34:49'),
(302, 77, 4, '2015-12-20 19:06:06'),
(303, 86, 8, '2019-04-12 18:12:26'),
(304, 83, 5, '2018-09-18 17:36:14'),
(305, 77, 7, '2015-06-14 14:25:06'),
(306, 84, 15, '2019-10-18 12:31:42'),
(307, 82, 10, '2019-12-17 20:29:34'),
(308, 89, 5, '2016-11-24 12:24:40'),
(309, 87, 2, '2017-05-15 06:21:15'),
(310, 77, 6, '2015-03-24 18:54:18'),
(311, 79, 15, '2019-09-22 15:17:42'),
(312, 78, 13, '2015-04-23 09:48:19'),
(313, 77, 7, '2016-11-01 10:14:14'),
(314, 84, 5, '2018-05-18 14:27:28'),
(315, 83, 8, '2019-03-22 07:36:05'),
(316, 77, 5, '2019-01-05 09:47:21'),
(317, 78, 1, '2017-11-23 10:17:42'),
(318, 88, 5, '2017-06-04 09:43:04'),
(319, 78, 4, '2017-12-13 09:08:38'),
(320, 86, 16, '2015-04-26 20:37:24'),
(321, 79, 16, '2016-05-26 16:01:53'),
(322, 79, 2, '2018-10-23 10:35:09'),
(323, 85, 8, '2018-05-05 20:02:45'),
(324, 89, 9, '2017-03-16 16:17:38'),
(325, 80, 16, '2019-01-14 14:47:30'),
(326, 89, 4, '2015-11-01 09:34:24'),
(327, 82, 15, '2017-03-08 06:55:15'),
(328, 80, 4, '2016-11-22 09:06:34'),
(329, 80, 14, '2017-12-26 07:41:02'),
(330, 87, 13, '2017-12-22 19:46:47'),
(331, 82, 3, '2015-11-25 13:31:29'),
(332, 87, 10, '2018-03-05 14:19:06'),
(333, 89, 14, '2016-04-16 12:52:11'),
(334, 88, 14, '2016-01-11 15:52:48'),
(335, 80, 2, '2017-01-17 18:27:25'),
(336, 88, 3, '2017-01-17 20:32:51'),
(337, 78, 5, '2015-02-21 09:48:52'),
(338, 87, 3, '2018-10-24 12:02:20'),
(339, 82, 9, '2016-04-09 14:15:15'),
(340, 76, 12, '2018-05-16 10:48:37'),
(341, 88, 15, '2017-01-08 06:17:03'),
(342, 89, 14, '2018-09-19 09:15:47'),
(343, 80, 2, '2016-04-11 14:40:33'),
(344, 83, 4, '2017-03-19 14:52:07'),
(345, 79, 1, '2017-11-07 09:33:18'),
(346, 84, 15, '2018-11-18 06:23:28'),
(347, 89, 9, '2018-11-26 20:46:14'),
(348, 83, 7, '2016-03-02 15:24:50'),
(349, 89, 13, '2018-11-01 14:41:52'),
(350, 86, 16, '2018-04-19 18:41:43'),
(351, 77, 16, '2017-08-12 20:47:27'),
(352, 81, 1, '2016-03-27 17:34:10'),
(353, 86, 7, '2018-01-11 08:32:23'),
(354, 88, 6, '2017-10-19 10:37:43'),
(355, 90, 9, '2018-06-20 15:43:38'),
(356, 78, 16, '2016-02-02 12:07:10'),
(357, 85, 16, '2019-09-25 19:54:16'),
(358, 82, 16, '2019-04-08 19:30:11'),
(359, 77, 3, '2018-06-05 08:26:19'),
(360, 90, 13, '2015-05-19 15:44:48'),
(361, 80, 1, '2017-09-14 08:14:02'),
(362, 85, 11, '2019-12-27 12:41:11'),
(363, 80, 5, '2019-04-18 14:56:16'),
(364, 76, 10, '2019-04-12 17:12:51'),
(365, 86, 13, '2017-03-22 09:42:15'),
(366, 77, 12, '2019-11-09 12:29:30'),
(367, 82, 5, '2019-11-27 08:57:34'),
(368, 83, 16, '2017-12-13 15:24:33'),
(369, 79, 16, '2015-10-05 07:42:13'),
(370, 80, 5, '2019-01-06 16:27:49'),
(371, 79, 8, '2018-10-28 14:58:20'),
(372, 86, 6, '2016-12-24 15:09:59'),
(373, 81, 12, '2015-11-12 09:20:30'),
(374, 89, 5, '2019-02-14 11:18:55'),
(375, 88, 9, '2018-07-14 13:39:56'),
(376, 83, 5, '2017-06-25 06:24:46'),
(377, 79, 10, '2019-06-17 18:28:29'),
(378, 78, 5, '2019-12-20 06:26:47'),
(379, 87, 3, '2015-09-24 19:27:10'),
(380, 78, 16, '2015-06-25 10:48:30'),
(381, 77, 2, '2019-10-17 17:01:06'),
(382, 84, 7, '2016-07-01 17:54:30'),
(383, 90, 8, '2016-02-12 13:39:28'),
(384, 80, 13, '2016-03-13 11:52:18'),
(385, 89, 14, '2016-07-07 10:30:37'),
(386, 79, 12, '2017-02-15 09:59:55'),
(387, 80, 9, '2015-06-22 16:55:17'),
(388, 90, 12, '2017-02-24 20:51:04'),
(389, 79, 13, '2017-03-03 19:39:30'),
(390, 89, 8, '2018-11-22 11:09:44'),
(391, 88, 7, '2015-07-27 07:15:26'),
(392, 82, 12, '2016-05-23 06:46:52'),
(393, 80, 12, '2019-04-04 09:30:20'),
(394, 84, 11, '2017-03-28 11:23:50'),
(395, 82, 5, '2016-07-01 10:15:15'),
(396, 78, 12, '2015-07-28 11:44:33'),
(397, 84, 15, '2017-08-18 15:27:50'),
(398, 76, 11, '2016-02-14 17:42:47'),
(399, 89, 15, '2016-03-02 10:43:31'),
(400, 89, 5, '2016-04-18 19:44:40'),
(401, 76, 8, '2015-09-24 06:34:12'),
(402, 82, 3, '2018-11-17 17:34:05'),
(403, 90, 1, '2019-11-24 06:13:27'),
(404, 76, 11, '2017-07-23 20:17:02'),
(405, 80, 2, '2017-11-19 13:33:21'),
(406, 81, 11, '2015-08-14 11:03:05'),
(407, 85, 11, '2016-08-12 11:30:28'),
(408, 78, 10, '2018-11-09 17:01:38'),
(409, 76, 3, '2018-04-06 11:23:05'),
(410, 88, 11, '2019-05-03 12:37:36'),
(411, 81, 7, '2017-12-24 12:01:25'),
(412, 80, 4, '2017-12-12 20:10:37'),
(413, 78, 12, '2015-03-13 13:56:32'),
(414, 85, 16, '2019-08-22 10:08:07'),
(415, 79, 3, '2017-03-10 12:09:23'),
(416, 85, 12, '2017-09-10 15:13:10'),
(417, 90, 5, '2019-10-28 14:59:41'),
(418, 87, 7, '2016-06-08 06:15:06'),
(419, 79, 16, '2019-04-24 16:05:10'),
(420, 90, 5, '2019-10-19 07:15:49'),
(421, 88, 10, '2017-04-25 14:25:56'),
(422, 82, 15, '2017-02-13 15:36:35'),
(423, 90, 5, '2017-04-27 20:03:52'),
(424, 83, 8, '2019-05-21 19:02:24'),
(425, 87, 8, '2019-12-06 09:14:46'),
(426, 89, 6, '2017-02-14 15:42:22'),
(427, 89, 2, '2016-10-14 08:03:40'),
(428, 86, 12, '2019-08-04 08:22:03'),
(429, 79, 9, '2019-03-19 07:16:21'),
(430, 76, 1, '2018-08-11 06:55:18'),
(431, 76, 16, '2017-12-17 20:03:56'),
(432, 85, 13, '2019-02-28 12:52:58'),
(433, 82, 12, '2019-09-10 11:22:44'),
(434, 76, 9, '2016-10-07 10:31:08'),
(435, 76, 7, '2015-08-14 09:27:10'),
(436, 83, 14, '2015-09-21 16:07:55'),
(437, 84, 13, '2017-02-01 10:04:25'),
(438, 85, 3, '2019-10-20 10:40:51'),
(439, 84, 1, '2017-06-13 12:35:24'),
(440, 85, 5, '2015-02-07 16:24:16'),
(441, 89, 4, '2019-01-15 12:37:44'),
(442, 90, 5, '2018-01-25 16:39:52'),
(443, 84, 16, '2017-04-12 19:51:46'),
(444, 77, 10, '2017-06-21 12:23:29'),
(445, 78, 6, '2015-02-06 20:46:16'),
(446, 82, 14, '2019-07-25 13:51:12'),
(447, 79, 13, '2018-12-05 08:12:51'),
(448, 90, 7, '2018-11-11 15:03:27'),
(449, 79, 6, '2017-11-01 18:51:47'),
(450, 76, 5, '2015-07-25 16:11:04'),
(451, 83, 6, '2019-01-19 09:51:04'),
(452, 81, 3, '2019-09-26 20:28:26'),
(453, 87, 13, '2016-02-19 19:20:13'),
(454, 77, 6, '2016-01-01 18:18:46'),
(455, 81, 3, '2015-06-21 14:26:55'),
(456, 88, 12, '2016-02-09 15:56:14'),
(457, 83, 4, '2019-05-26 19:39:33'),
(458, 88, 6, '2015-11-19 06:22:28'),
(459, 88, 12, '2018-06-01 08:18:22'),
(460, 79, 4, '2016-03-11 12:05:19'),
(461, 80, 16, '2019-11-15 19:01:14'),
(462, 78, 4, '2019-08-18 20:41:21'),
(463, 76, 12, '2018-08-03 07:16:26'),
(464, 79, 14, '2015-09-16 14:30:48'),
(465, 76, 8, '2019-03-10 09:53:58'),
(466, 85, 14, '2017-03-10 13:35:22'),
(467, 89, 13, '2017-11-02 16:19:07'),
(468, 84, 10, '2017-05-27 08:55:27'),
(469, 86, 16, '2018-03-20 10:13:31'),
(470, 83, 12, '2016-12-23 12:18:04'),
(471, 83, 3, '2017-02-10 06:09:53'),
(472, 87, 14, '2016-10-06 15:51:52'),
(473, 89, 10, '2019-11-02 10:39:30'),
(474, 88, 7, '2016-12-10 11:10:59'),
(475, 90, 13, '2017-02-12 17:22:59'),
(476, 85, 12, '2019-12-23 09:06:02'),
(477, 76, 4, '2015-08-23 09:52:05'),
(478, 76, 8, '2019-12-11 13:11:20'),
(479, 89, 3, '2017-03-03 14:50:24'),
(480, 89, 11, '2016-01-05 11:46:05'),
(481, 84, 16, '2017-11-01 14:43:56'),
(482, 77, 2, '2019-04-09 18:11:40'),
(483, 79, 5, '2017-07-04 10:02:43'),
(484, 83, 9, '2015-11-24 08:21:55'),
(485, 87, 5, '2017-09-12 20:19:35'),
(486, 78, 8, '2015-08-03 13:07:26'),
(487, 84, 4, '2017-03-14 15:38:04'),
(488, 83, 15, '2017-04-13 09:47:29'),
(489, 83, 8, '2016-03-27 06:09:24'),
(490, 86, 16, '2017-01-22 12:37:25'),
(491, 90, 3, '2019-04-24 14:11:25'),
(492, 86, 15, '2018-10-21 06:42:56'),
(493, 86, 9, '2018-02-04 12:51:05'),
(494, 82, 6, '2017-11-01 16:51:07'),
(495, 79, 3, '2016-10-17 19:55:10'),
(496, 82, 8, '2019-08-21 18:56:54'),
(497, 80, 16, '2016-06-16 13:33:02'),
(498, 85, 13, '2019-03-19 18:01:27'),
(499, 80, 14, '2015-05-06 14:59:17'),
(500, 79, 12, '2019-12-03 12:08:38'),
(501, 89, 11, '2017-11-06 09:23:21'),
(502, 89, 7, '2015-01-24 11:05:55'),
(503, 84, 2, '2018-12-03 09:22:01'),
(504, 86, 1, '2015-05-21 08:52:52'),
(505, 79, 11, '2018-08-24 16:11:28'),
(506, 89, 8, '2019-10-05 06:14:17'),
(507, 88, 2, '2018-09-05 13:24:43'),
(508, 85, 8, '2015-06-01 16:10:51'),
(509, 89, 4, '2015-08-04 09:47:08'),
(510, 89, 4, '2019-01-06 13:18:26'),
(511, 87, 13, '2016-09-05 18:19:08'),
(512, 87, 15, '2018-10-12 10:57:33'),
(513, 87, 15, '2016-09-12 20:37:01'),
(514, 83, 15, '2016-05-14 11:26:22'),
(515, 90, 10, '2016-06-23 12:01:54'),
(516, 78, 10, '2017-05-01 16:45:59'),
(517, 81, 14, '2017-08-03 10:29:24'),
(518, 84, 7, '2017-10-13 18:03:01'),
(519, 86, 14, '2018-04-09 12:27:28'),
(520, 84, 15, '2016-01-12 16:56:35'),
(521, 76, 14, '2018-10-10 18:48:10'),
(522, 83, 11, '2017-05-18 17:47:36'),
(523, 79, 2, '2016-01-19 10:46:52'),
(524, 86, 3, '2018-09-16 07:30:53'),
(525, 87, 13, '2018-12-14 17:36:59'),
(526, 78, 4, '2015-06-13 06:15:44'),
(527, 86, 11, '2017-07-20 06:48:15'),
(528, 81, 13, '2016-06-25 08:43:21'),
(529, 83, 15, '2017-01-06 20:25:14'),
(530, 90, 8, '2016-10-16 06:25:29'),
(531, 88, 10, '2017-04-08 20:36:22'),
(532, 89, 1, '2017-02-26 16:33:47'),
(533, 84, 1, '2018-01-08 18:36:21'),
(534, 77, 7, '2015-02-10 14:37:39'),
(535, 90, 11, '2016-08-18 13:15:26'),
(536, 80, 16, '2016-07-05 08:42:13'),
(537, 84, 15, '2015-08-01 17:28:09'),
(538, 78, 10, '2016-10-13 16:58:44'),
(539, 81, 7, '2018-12-15 10:35:08'),
(540, 82, 13, '2017-10-17 17:52:48'),
(541, 77, 5, '2015-07-25 11:36:06'),
(542, 86, 5, '2018-11-28 13:39:48'),
(543, 83, 3, '2016-05-06 12:31:52'),
(544, 76, 7, '2019-09-05 14:15:48'),
(545, 83, 8, '2017-09-27 17:33:33'),
(546, 78, 10, '2016-05-15 09:44:13'),
(547, 81, 7, '2015-07-05 14:34:25'),
(548, 85, 6, '2018-02-19 17:35:01'),
(549, 82, 14, '2019-06-04 06:57:16'),
(550, 87, 4, '2019-08-16 12:46:19'),
(551, 80, 14, '2017-11-04 06:20:05'),
(552, 78, 6, '2017-10-03 12:48:22'),
(553, 81, 5, '2015-02-26 10:02:28'),
(554, 88, 4, '2016-05-03 18:44:31'),
(555, 85, 7, '2019-12-21 17:31:12'),
(556, 77, 10, '2016-10-08 14:42:53'),
(557, 78, 11, '2018-08-06 08:57:58'),
(558, 88, 2, '2017-05-03 20:48:03'),
(559, 77, 10, '2015-08-16 19:10:35'),
(560, 85, 16, '2018-03-05 06:54:35'),
(561, 89, 11, '2016-09-18 15:41:29'),
(562, 83, 10, '2018-02-04 09:28:54'),
(563, 79, 7, '2016-04-02 18:46:28'),
(564, 86, 13, '2019-09-16 09:53:38'),
(565, 86, 11, '2019-07-13 20:43:08'),
(566, 78, 5, '2019-02-24 20:23:11'),
(567, 89, 8, '2019-12-01 11:10:50'),
(568, 81, 14, '2018-04-20 16:14:10'),
(569, 82, 14, '2018-03-15 11:47:34'),
(570, 86, 2, '2016-10-14 20:24:55'),
(571, 89, 3, '2015-03-10 13:06:37'),
(572, 83, 13, '2017-09-11 17:17:36'),
(573, 79, 11, '2015-08-06 18:55:59'),
(574, 80, 10, '2019-06-22 20:24:01'),
(575, 90, 8, '2019-01-28 12:07:55'),
(576, 90, 8, '2018-11-28 14:02:51'),
(577, 81, 2, '2016-06-26 14:38:33'),
(578, 79, 12, '2015-07-26 06:26:43'),
(579, 87, 1, '2016-12-06 16:50:09'),
(580, 79, 13, '2016-03-12 11:06:44'),
(581, 86, 14, '2018-05-07 09:38:49'),
(582, 81, 1, '2019-08-14 16:45:08'),
(583, 5, 4, '2015-07-24 13:29:24'),
(584, 5, 15, '2016-07-17 19:12:45'),
(585, 5, 4, '2018-04-19 19:35:54'),
(586, 5, 4, '2015-08-26 06:59:03'),
(587, 5, 14, '2016-03-20 14:13:13'),
(588, 5, 4, '2017-01-03 10:10:40'),
(589, 5, 4, '2016-07-05 08:03:06'),
(590, 5, 14, '2019-11-10 15:54:31'),
(591, 5, 14, '2015-12-18 12:42:50'),
(592, 5, 15, '2018-05-08 12:05:15'),
(593, 5, 15, '2015-08-06 10:53:54'),
(594, 5, 15, '2017-07-24 12:22:57'),
(595, 5, 15, '2018-11-18 14:37:31'),
(596, 5, 14, '2016-10-03 14:27:07'),
(597, 5, 15, '2015-11-01 18:44:41'),
(598, 5, 4, '2017-05-24 07:29:41'),
(599, 5, 4, '2018-09-25 11:25:03'),
(600, 5, 14, '2015-05-04 19:26:30'),
(601, 5, 4, '2016-08-12 15:25:55'),
(602, 5, 14, '2015-03-10 16:41:13'),
(603, 5, 15, '2016-08-13 15:21:03'),
(604, 5, 14, '2019-06-20 17:37:32'),
(605, 5, 4, '2019-08-05 15:59:37'),
(606, 5, 15, '2018-12-10 11:06:39'),
(607, 5, 14, '2017-05-21 20:36:10'),
(608, 5, 14, '2019-03-09 10:16:33'),
(609, 5, 15, '2018-11-20 07:03:40'),
(610, 5, 4, '2017-09-02 19:09:26'),
(611, 5, 14, '2018-03-03 15:38:08'),
(612, 5, 15, '2019-02-25 14:47:41'),
(613, 6, 3, '2016-04-05 16:04:02'),
(614, 6, 3, '2019-12-13 13:53:25'),
(615, 6, 10, '2019-09-23 06:41:33'),
(616, 6, 10, '2016-04-11 20:27:29'),
(617, 6, 6, '2019-07-21 15:36:53'),
(618, 6, 6, '2015-12-13 17:09:17'),
(619, 6, 10, '2017-06-27 15:33:08'),
(620, 6, 10, '2018-09-03 10:42:47'),
(621, 6, 10, '2016-01-27 13:31:58'),
(622, 6, 6, '2018-08-08 09:24:23'),
(623, 6, 6, '2019-09-10 20:35:05'),
(624, 6, 10, '2019-01-13 13:49:14'),
(625, 6, 6, '2016-06-27 20:06:34'),
(626, 6, 6, '2016-02-11 10:50:30'),
(627, 6, 6, '2015-08-02 08:32:47'),
(628, 6, 6, '2017-04-27 17:18:09'),
(629, 6, 3, '2016-10-27 08:54:32'),
(630, 6, 3, '2018-04-17 13:40:36'),
(631, 6, 10, '2018-05-10 11:21:24'),
(632, 6, 3, '2019-06-17 10:44:46'),
(633, 6, 10, '2017-09-20 20:32:15'),
(634, 6, 3, '2017-06-20 14:17:04'),
(635, 6, 10, '2016-11-21 06:43:54'),
(636, 6, 6, '2019-02-10 12:21:21'),
(637, 6, 10, '2018-07-21 11:42:40'),
(638, 6, 3, '2015-11-07 17:09:54'),
(639, 6, 3, '2015-03-05 06:56:27'),
(640, 6, 3, '2019-10-25 11:34:04'),
(641, 6, 10, '2019-06-14 09:26:52'),
(642, 6, 6, '2017-01-22 07:41:42'),
(643, 77, 8, '2018-07-14 06:43:41'),
(644, 77, 8, '2016-08-22 10:33:52'),
(645, 77, 8, '2019-09-11 07:43:50'),
(646, 77, 8, '2018-07-18 15:46:38'),
(647, 77, 8, '2018-04-23 18:20:46'),
(648, 77, 6, '2017-09-22 14:10:19'),
(649, 77, 14, '2017-02-10 08:55:29'),
(650, 77, 8, '2019-01-11 14:30:02'),
(651, 77, 8, '2016-07-27 07:54:57'),
(652, 77, 14, '2015-05-20 09:35:03'),
(653, 77, 14, '2015-03-04 20:47:24'),
(654, 77, 6, '2017-06-28 07:44:41'),
(655, 77, 8, '2016-04-27 14:20:36'),
(656, 77, 6, '2018-06-08 17:19:20'),
(657, 77, 14, '2017-03-12 07:12:53'),
(658, 77, 14, '2018-06-17 19:30:09'),
(659, 77, 14, '2017-10-14 08:01:36'),
(660, 77, 6, '2019-07-14 11:22:42'),
(661, 77, 8, '2016-05-20 20:42:04'),
(662, 77, 14, '2015-05-05 17:28:12'),
(663, 77, 8, '2016-04-11 16:25:45'),
(664, 77, 8, '2015-07-26 08:59:02'),
(665, 77, 8, '2017-02-21 13:57:12'),
(666, 77, 6, '2017-04-26 08:59:35'),
(667, 77, 14, '2018-06-10 08:56:26'),
(668, 77, 8, '2015-02-08 19:55:27'),
(669, 77, 8, '2017-05-23 13:15:02'),
(670, 77, 14, '2015-02-21 12:48:08'),
(671, 77, 14, '2016-10-20 08:23:03'),
(672, 77, 14, '2018-06-15 15:08:25'),
(673, 76, 9, '2018-05-20 18:25:34'),
(674, 76, 6, '2018-12-19 08:42:38'),
(675, 76, 6, '2019-09-26 12:44:01'),
(676, 76, 1, '2015-09-12 17:39:41'),
(677, 76, 6, '2017-08-22 07:02:01'),
(678, 76, 6, '2017-06-06 15:41:05'),
(679, 76, 1, '2019-12-11 07:54:22'),
(680, 76, 6, '2017-08-01 15:18:14'),
(681, 76, 1, '2017-11-22 08:27:47'),
(682, 76, 6, '2017-12-20 10:27:02'),
(683, 76, 1, '2017-10-05 10:02:41'),
(684, 76, 6, '2018-10-26 18:13:33'),
(685, 76, 1, '2017-11-11 16:21:22'),
(686, 76, 1, '2019-12-20 19:19:31'),
(687, 76, 1, '2018-04-26 10:44:48'),
(688, 76, 9, '2018-07-15 18:55:43'),
(689, 76, 6, '2016-07-20 08:03:38'),
(690, 76, 9, '2015-10-17 11:51:07'),
(691, 76, 6, '2015-09-24 09:22:37'),
(692, 76, 1, '2019-09-03 18:14:42'),
(693, 76, 9, '2016-12-01 08:17:06'),
(694, 76, 9, '2016-11-18 18:46:44'),
(695, 76, 1, '2019-07-06 15:45:41'),
(696, 76, 9, '2019-07-18 12:45:41'),
(697, 76, 1, '2017-12-25 13:08:58'),
(698, 76, 9, '2017-02-28 20:59:22'),
(699, 76, 9, '2017-12-18 09:28:33'),
(700, 76, 1, '2016-01-21 12:38:37'),
(701, 76, 9, '2019-08-11 11:14:13'),
(702, 76, 9, '2017-04-28 09:27:33'),
(703, 76, 3, '2019-11-10 08:39:30'),
(704, 76, 1, '2019-11-10 08:52:54'),
(705, 76, 2, '2019-11-10 09:18:40'),
(706, 5, 3, '2019-11-10 09:28:05'),
(707, 6, 2, '2019-11-10 09:29:09'),
(709, 5, 1, '2019-11-10 09:31:40'),
(710, 5, 1, '2019-11-10 09:35:00'),
(711, 5, 1, '2019-11-10 09:38:33'),
(712, 5, 1, '2019-11-10 09:39:34'),
(713, 77, 1, '2019-11-10 12:52:19');

-- --------------------------------------------------------

--
-- Структура таблицы `whowhere`
--

CREATE TABLE `whowhere` (
  `id` int(10) UNSIGNED NOT NULL,
  `id_people` int(255) UNSIGNED NOT NULL,
  `id_section` int(255) UNSIGNED NOT NULL,
  `rating` double(255,1) DEFAULT NULL
) ENGINE=InnoDB DEFAULT CHARSET=latin1;

--
-- Дамп данных таблицы `whowhere`
--

INSERT INTO `whowhere` (`id`, `id_people`, `id_section`, `rating`) VALUES
(1, 5, 14, 4.8),
(2, 5, 15, 3.1),
(3, 5, 4, 4.8),
(4, 6, 3, 1.7),
(5, 6, 6, 4.1),
(6, 6, 10, 4.7),
(7, 76, 6, 4.1),
(8, 76, 1, 4.6),
(9, 76, 9, 3.3),
(10, 77, 6, 3.7),
(11, 77, 8, 3.2),
(12, 77, 14, 4.8),
(13, 78, 5, 4.6),
(14, 78, 11, 3.2),
(15, 78, 13, 4.0),
(16, 79, 16, 1.0),
(17, 79, 13, 1.5),
(18, 79, 12, 3.6),
(19, 80, 2, 1.7),
(20, 80, 1, 1.9),
(21, 80, 7, 1.9),
(22, 81, 12, 2.2),
(23, 81, 16, 4.8),
(24, 81, 4, 4.3),
(25, 82, 15, 2.2),
(26, 82, 14, 4.9),
(27, 82, 12, 3.1),
(28, 83, 4, 4.4),
(29, 83, 9, 4.1),
(30, 83, 11, 3.8),
(31, 84, 11, 4.1),
(32, 84, 5, 2.3),
(33, 84, 12, 4.1),
(34, 85, 15, 2.7),
(35, 85, 5, 4.6),
(36, 85, 7, 3.4),
(37, 86, 2, 1.7),
(38, 86, 6, 3.1),
(39, 86, 10, 1.9),
(40, 87, 1, 1.0),
(41, 87, 7, 2.9),
(42, 87, 14, 3.6),
(43, 88, 8, 2.1),
(44, 88, 15, 3.0),
(45, 88, 10, 4.8),
(46, 89, 10, 1.5),
(47, 89, 4, 2.3),
(48, 89, 2, 4.7),
(49, 90, 14, 3.3),
(50, 90, 9, 4.1),
(51, 90, 2, 4.4),
(52, 5, 15, NULL),
(53, 5, 14, 4.0);

--
-- Индексы сохранённых таблиц
--

--
-- Индексы таблицы `achivment`
--
ALTER TABLE `achivment`
  ADD PRIMARY KEY (`id`),
  ADD KEY `id_people` (`id_people`) USING BTREE;

--
-- Индексы таблицы `club`
--
ALTER TABLE `club`
  ADD PRIMARY KEY (`id`);

--
-- Индексы таблицы `comments`
--
ALTER TABLE `comments`
  ADD PRIMARY KEY (`id`);

--
-- Индексы таблицы `people`
--
ALTER TABLE `people`
  ADD PRIMARY KEY (`id`);

--
-- Индексы таблицы `section`
--
ALTER TABLE `section`
  ADD PRIMARY KEY (`id`),
  ADD KEY `id_club` (`id_club`) USING BTREE;

--
-- Индексы таблицы `teacher`
--
ALTER TABLE `teacher`
  ADD PRIMARY KEY (`id`),
  ADD KEY `id_section` (`id_section`);

--
-- Индексы таблицы `visit`
--
ALTER TABLE `visit`
  ADD PRIMARY KEY (`id`),
  ADD KEY `id_people` (`id_people`) USING BTREE,
  ADD KEY `id_section` (`id_section`) USING BTREE;

--
-- Индексы таблицы `whowhere`
--
ALTER TABLE `whowhere`
  ADD PRIMARY KEY (`id`),
  ADD KEY `id_people` (`id_people`) USING BTREE,
  ADD KEY `id_section` (`id_section`);

--
-- AUTO_INCREMENT для сохранённых таблиц
--

--
-- AUTO_INCREMENT для таблицы `achivment`
--
ALTER TABLE `achivment`
  MODIFY `id` int(10) UNSIGNED NOT NULL AUTO_INCREMENT, AUTO_INCREMENT=16;

--
-- AUTO_INCREMENT для таблицы `club`
--
ALTER TABLE `club`
  MODIFY `id` int(10) UNSIGNED NOT NULL AUTO_INCREMENT, AUTO_INCREMENT=6;

--
-- AUTO_INCREMENT для таблицы `people`
--
ALTER TABLE `people`
  MODIFY `id` int(10) UNSIGNED NOT NULL AUTO_INCREMENT, AUTO_INCREMENT=93;

--
-- AUTO_INCREMENT для таблицы `section`
--
ALTER TABLE `section`
  MODIFY `id` int(10) UNSIGNED NOT NULL AUTO_INCREMENT, AUTO_INCREMENT=17;

--
-- AUTO_INCREMENT для таблицы `teacher`
--
ALTER TABLE `teacher`
  MODIFY `id` int(10) UNSIGNED NOT NULL AUTO_INCREMENT, AUTO_INCREMENT=20;

--
-- AUTO_INCREMENT для таблицы `visit`
--
ALTER TABLE `visit`
  MODIFY `id` int(10) UNSIGNED NOT NULL AUTO_INCREMENT, AUTO_INCREMENT=714;

--
-- AUTO_INCREMENT для таблицы `whowhere`
--
ALTER TABLE `whowhere`
  MODIFY `id` int(10) UNSIGNED NOT NULL AUTO_INCREMENT, AUTO_INCREMENT=54;

--
-- Ограничения внешнего ключа сохраненных таблиц
--

--
-- Ограничения внешнего ключа таблицы `achivment`
--
ALTER TABLE `achivment`
  ADD CONSTRAINT `achivment_ibfk_1` FOREIGN KEY (`id_people`) REFERENCES `people` (`id`) ON DELETE CASCADE ON UPDATE CASCADE;

--
-- Ограничения внешнего ключа таблицы `section`
--
ALTER TABLE `section`
  ADD CONSTRAINT `section_ibfk_1` FOREIGN KEY (`id_club`) REFERENCES `club` (`id`) ON DELETE CASCADE ON UPDATE CASCADE;

--
-- Ограничения внешнего ключа таблицы `teacher`
--
ALTER TABLE `teacher`
  ADD CONSTRAINT `teacher_ibfk_1` FOREIGN KEY (`id_section`) REFERENCES `section` (`id`) ON DELETE CASCADE ON UPDATE CASCADE;

--
-- Ограничения внешнего ключа таблицы `visit`
--
ALTER TABLE `visit`
  ADD CONSTRAINT `visit_ibfk_1` FOREIGN KEY (`id_people`) REFERENCES `people` (`id`) ON DELETE CASCADE ON UPDATE CASCADE,
  ADD CONSTRAINT `visit_ibfk_2` FOREIGN KEY (`id_section`) REFERENCES `section` (`id`) ON DELETE CASCADE ON UPDATE CASCADE;

--
-- Ограничения внешнего ключа таблицы `whowhere`
--
ALTER TABLE `whowhere`
  ADD CONSTRAINT `whowhere_ibfk_1` FOREIGN KEY (`id_people`) REFERENCES `people` (`id`) ON DELETE CASCADE ON UPDATE CASCADE,
  ADD CONSTRAINT `whowhere_ibfk_2` FOREIGN KEY (`id_section`) REFERENCES `section` (`id`) ON DELETE CASCADE ON UPDATE CASCADE;
COMMIT;

/*!40101 SET CHARACTER_SET_CLIENT=@OLD_CHARACTER_SET_CLIENT */;
/*!40101 SET CHARACTER_SET_RESULTS=@OLD_CHARACTER_SET_RESULTS */;
/*!40101 SET COLLATION_CONNECTION=@OLD_COLLATION_CONNECTION */;
